StudentID,Name,Gender,Section,Attendance_Pct,Study_Hours_PerDay,Assignment_Score,Math,English,Science,Computer,Urdu
1001,Ali Malik,Male,C,92,6.3,93,79,92,67,57,85
1002,Ayesha Siddiqui,Female,A,88,4.6,76,68,59,57,69,80
1003,Hamza Raza,Male,C,81,2.7,76,69,58,64,63,68
1004,Fatima Malik,Female,A,68,1,47,42,26,38,29,30
1005,Usman Butt,Male,C,57,4.6,72,83,55,63,78,74
1006,Zainab Malik,Female,C,92,5.6,82,78,81,76,60,100
1007,Bilal Iqbal,Male,C,79,8,95,79,81,75,86,84
1008,Hira Ahmed,Female,C,54,3.2,80,,49,58,57,69
1009,Ahmed Raza,Male,B,75,1,38,41,43,35,15,37
1010,Sana Raza,Female,B,54,3.8,72,42,48,61,62,43
1011,Hassan Iqbal,Male,B,98,5.8,100,53,84,82,71,70
1012,Maryam Hussain,Female,A,61,3.4,60,47,51,38,52,38
1013,Omar Malik,Male,C,97,7.5,97,95,83,100,98,95
1014,Noor Sheikh,Female,C,88,4.7,88,74,58,63,73,58
1015,Talha Butt,Male,C,67,4.3,84,57,53,71,55,62
1016,Iqra Butt,Female,B,,3.9,77,68,71,69,76,69
1017,Saad Butt,Male,B,54,1.9,48,53,34,44,55,40
1018,Amna Ahmed,Female,A,71,3.1,59,51,46,42,69,60
1019,Daniyal Butt,Male,C,71,1.6,79,62,68,60,55,65
1020,Laiba Khan,Female,B,100,5.6,89,72,80,72,70,77
1021,Faisal Khan,Male,B,90,5.7,85,78,65,54,88,89
1022,Mehwish Butt,Female,A,85,1.4,67,54,41,53,69,62
1023,Raza Khan,Male,C,85,6.5,81,76,83,67,64,86
1024,Areeba Malik,Female,C,87,6.8,100,,61,80,88,99
1025,Junaid Chaudhry,Male,B,55,1.2,39,35,33,25,25,44
1026,Komal Malik,Female,A,87,5.8,74,58,75,81,61,52
1027,Shahid Hussain,Male,A,88,3.3,56,64,57,62,62,51
1028,Rabia Chaudhry,Female,A,59,3.5,64,51,54,50,39,37
1029,Waqas Chaudhry,Male,C,97,4.8,92,69,61,91,89,71
1030,Sidra Sheikh,Female,C,80,3.8,90,69,53,85,71,68
1031,Imran Malik,Male,B,79,3.6,66,73,35,54,31,55
1032,Anum Khan,Female,C,81,3.3,73,77,59,47,49,42
1033,Kamran Malik,Male,B,79,2.2,75,56,63,70,58,71
1034,Nimra Iqbal,Female,A,100,7.4,88,89,87,76,70,84
1035,Asad Malik,Male,A,82,6.8,56,48,59,86,76,63
1036,Mahnoor Raza,Female,C,100,5.4,69,77,91,84,63,78
1037,Zeeshan Butt,Male,B,79,3.1,68,57,54,54,79,60
1038,Hafsa Chaudhry,Female,A,87,5.1,84,76,73,70,78,72
1039,Danish Chaudhry,Male,A,87,5.1,86,49,55,51,64,64
1040,Alina Malik,Female,A,62,1.9,77,65,47,47,57,48
1041,Adeel Khan,Male,A,100,8,100,90,93,84,100,89
1042,Fiza Khan,Female,C,100,5.2,74,,87,63,78,92
1043,Salman Butt,Male,C,84,6.7,64,79,79,59,69,64
1044,Kinza Raza,Female,C,95,5.5,98,63,87,64,66,75
1045,Haris Ahmed,Male,C,66,3.3,69,64,61,56,66,52
1046,Rida Butt,Female,C,100,8,89,90,76,84,89,96
1047,Yasir Khan,Male,C,81,4.3,75,79,81,70,93,95
1048,Mariam Siddiqui,Female,B,100,6.3,71,69,75,88,65,86
1049,Tariq Sheikh,Male,B,96,7.4,95,93,75,80,79,64
1050,Samina Butt,Female,C,81,6.2,75,77,81,69,85,72
